{
  "rows": [
    {
      "variant": "baseline_fm",
      "checkpoint": 1000,
      "n": 3,
      "score_main": {
        "mean": 0.378597311773973,
        "std": 0.005996140441265502,
        "n": 3
      },
      "tstr_macro_f1": {
        "mean": 0.31106255105108754,
        "std": 0.012503648366907623,
        "n": 3
      },
      "disc_auc_gap": {
        "mean": 0.15642673344966154,
        "std": 0.006172305027894966,
        "n": 3
      },
      "unconditional_w1": {
        "mean": 0.21880253274836403,
        "std": 0.016462900509778552,
        "n": 3
      },
      "conditional_w1": {
        "mean": 0.6046652128911031,
        "std": 0.018861118268830968,
        "n": 3
      }
    },
    {
      "variant": "baseline_fm",
      "checkpoint": 2000,
      "n": 3,
      "score_main": {
        "mean": 0.3649338664737843,
        "std": 0.008966538560214756,
        "n": 3
      },
      "tstr_macro_f1": {
        "mean": 0.29789183402104785,
        "std": 0.02020604872156387,
        "n": 3
      },
      "disc_auc_gap": {
        "mean": 0.15675101718031278,
        "std": 0.01206566175264414,
        "n": 3
      },
      "unconditional_w1": {
        "mean": 0.21936933051488072,
        "std": 0.017106195044139454,
        "n": 3
      },
      "conditional_w1": {
        "mean": 0.49784595751784727,
        "std": 0.016633002346618485,
        "n": 3
      }
    },
    {
      "variant": "baseline_fm",
      "checkpoint": 4000,
      "n": 3,
      "score_main": {
        "mean": 0.3761191396295849,
        "std": 0.018709925678892386,
        "n": 3
      },
      "tstr_macro_f1": {
        "mean": 0.2758830281784566,
        "std": 0.018079673088367054,
        "n": 3
      },
      "disc_auc_gap": {
        "mean": 0.1637879350396155,
        "std": 0.019200986409001128,
        "n": 3
      },
      "unconditional_w1": {
        "mean": 0.2286849564989004,
        "std": 0.031661768903199605,
        "n": 3
      },
      "conditional_w1": {
        "mean": 0.5107582398043783,
        "std": 0.032936379485407584,
        "n": 3
      }
    },
    {
      "variant": "baseline_fm",
      "checkpoint": 8000,
      "n": 3,
      "score_main": {
        "mean": 0.36044530165415334,
        "std": 0.007726969533995546,
        "n": 3
      },
      "tstr_macro_f1": {
        "mean": 0.30660666176978363,
        "std": 0.013197646527435354,
        "n": 3
      },
      "disc_auc_gap": {
        "mean": 0.1578820607462527,
        "std": 0.02162860761333556,
        "n": 3
      },
      "unconditional_w1": {
        "mean": 0.21335076051684507,
        "std": 0.00577385448232334,
        "n": 3
      },
      "conditional_w1": {
        "mean": 0.49062837109474344,
        "std": 0.00855397775198491,
        "n": 3
      }
    },
    {
      "variant": "baseline_fm",
      "checkpoint": 12000,
      "n": 3,
      "score_main": {
        "mean": 0.363395965494451,
        "std": 0.01297647199730301,
        "n": 3
      },
      "tstr_macro_f1": {
        "mean": 0.3038813460675427,
        "std": 0.027987904900759843,
        "n": 3
      },
      "disc_auc_gap": {
        "mean": 0.14683194241698888,
        "std": 0.016638617744124087,
        "n": 3
      },
      "unconditional_w1": {
        "mean": 0.23724786495537423,
        "std": 0.004964939118681727,
        "n": 3
      },
      "conditional_w1": {
        "mean": 0.4906349786169499,
        "std": 0.018076359881305265,
        "n": 3
      }
    },
    {
      "variant": "baseline_fm",
      "checkpoint": 16000,
      "n": 3,
      "score_main": {
        "mean": 0.36641315830047,
        "std": 0.02645388222591694,
        "n": 3
      },
      "tstr_macro_f1": {
        "mean": 0.3036978455467177,
        "std": 0.035106467540154736,
        "n": 3
      },
      "disc_auc_gap": {
        "mean": 0.14115143625081586,
        "std": 0.03594041768761163,
        "n": 3
      },
      "unconditional_w1": {
        "mean": 0.24813627337062885,
        "std": 0.03164354332438747,
        "n": 3
      },
      "conditional_w1": {
        "mean": 0.5035170001464273,
        "std": 0.024267684157812885,
        "n": 3
      }
    },
    {
      "variant": "baseline_fm",
      "checkpoint": 20000,
      "n": 3,
      "score_main": {
        "mean": 0.35480108321586873,
        "std": 0.009327799793655302,
        "n": 3
      },
      "tstr_macro_f1": {
        "mean": 0.29739633638409657,
        "std": 0.010591032695116978,
        "n": 3
      },
      "disc_auc_gap": {
        "mean": 0.1370115681163709,
        "std": 0.022301193651473143,
        "n": 3
      },
      "unconditional_w1": {
        "mean": 0.21831609465495463,
        "std": 0.01797097657811161,
        "n": 3
      },
      "conditional_w1": {
        "mean": 0.4665387934842194,
        "std": 0.025929233472230036,
        "n": 3
      }
    },
    {
      "variant": "conditional_current_matching",
      "checkpoint": 1000,
      "n": 3,
      "score_main": {
        "mean": 0.37781232542296844,
        "std": 0.009666779538177052,
        "n": 3
      },
      "tstr_macro_f1": {
        "mean": 0.3066770944989719,
        "std": 0.01116826955536499,
        "n": 3
      },
      "disc_auc_gap": {
        "mean": 0.15675896763437666,
        "std": 0.006864708433571601,
        "n": 3
      },
      "unconditional_w1": {
        "mean": 0.21303783203750679,
        "std": 0.023022990045344027,
        "n": 3
      },
      "conditional_w1": {
        "mean": 0.5997505101121191,
        "std": 0.015300570211914524,
        "n": 3
      }
    },
    {
      "variant": "conditional_current_matching",
      "checkpoint": 2000,
      "n": 3,
      "score_main": {
        "mean": 0.3718613674563234,
        "std": 0.0063705137945625065,
        "n": 3
      },
      "tstr_macro_f1": {
        "mean": 0.29785956637608785,
        "std": 0.005596169209957469,
        "n": 3
      },
      "disc_auc_gap": {
        "mean": 0.17759028936211418,
        "std": 0.019734044425101353,
        "n": 3
      },
      "unconditional_w1": {
        "mean": 0.2286858806256229,
        "std": 0.013673488483763978,
        "n": 3
      },
      "conditional_w1": {
        "mean": 0.49704580238262186,
        "std": 0.01944635100879894,
        "n": 3
      }
    },
    {
      "variant": "conditional_current_matching",
      "checkpoint": 4000,
      "n": 3,
      "score_main": {
        "mean": 0.3709361176031949,
        "std": 0.013886601956526747,
        "n": 3
      },
      "tstr_macro_f1": {
        "mean": 0.27806787216283824,
        "std": 0.034175995023159884,
        "n": 3
      },
      "disc_auc_gap": {
        "mean": 0.14798984715572971,
        "std": 0.009684621174412699,
        "n": 3
      },
      "unconditional_w1": {
        "mean": 0.21911717820858131,
        "std": 0.022331637120784054,
        "n": 3
      },
      "conditional_w1": {
        "mean": 0.5179353954897828,
        "std": 0.032611302059836936,
        "n": 3
      }
    },
    {
      "variant": "conditional_current_matching",
      "checkpoint": 8000,
      "n": 3,
      "score_main": {
        "mean": 0.35897375795927916,
        "std": 0.00573298483928075,
        "n": 3
      },
      "tstr_macro_f1": {
        "mean": 0.2987630090417078,
        "std": 0.015045844319602965,
        "n": 3
      },
      "disc_auc_gap": {
        "mean": 0.15347657233055403,
        "std": 0.01241377611429297,
        "n": 3
      },
      "unconditional_w1": {
        "mean": 0.20704777603083424,
        "std": 0.006073366794583865,
        "n": 3
      },
      "conditional_w1": {
        "mean": 0.48454385574893016,
        "std": 0.022123909821061435,
        "n": 3
      }
    },
    {
      "variant": "conditional_current_matching",
      "checkpoint": 12000,
      "n": 3,
      "score_main": {
        "mean": 0.36084492293314,
        "std": 0.013786754236760792,
        "n": 3
      },