{
  "rows": [
    {
      "variant": "baseline_fm",
      "checkpoint": 1000,
      "n": 3,
      "score_main": {
        "mean": 0.5475379633679568,
        "std": 0.015080044228723825,
        "n": 3
      },
      "tstr_macro_f1": {
        "mean": 0.24044533939776627,
        "std": 0.03357902247880076,
        "n": 3
      },
      "disc_auc_gap": {
        "mean": 0.4991286193732735,
        "std": 0.0005630050048488327,
        "n": 3
      },
      "unconditional_w1": {
        "mean": 0.5427876848118034,
        "std": 0.039567898920567064,
        "n": 3
      },
      "conditional_w1": {
        "mean": 0.6462130872068158,
        "std": 0.02666654833954008,
        "n": 3
      }
    },
    {
      "variant": "baseline_fm",
      "checkpoint": 2000,
      "n": 3,
      "score_main": {
        "mean": 0.4863453235753772,
        "std": 0.004370170066954174,
        "n": 3
      },
      "tstr_macro_f1": {
        "mean": 0.29721914751407735,
        "std": 0.006771023526834837,
        "n": 3
      },
      "disc_auc_gap": {
        "mean": 0.49946988287954497,
        "std": 0.0003395809081893585,
        "n": 3
      },
      "unconditional_w1": {
        "mean": 0.42360798464115107,
        "std": 0.012340303293091869,
        "n": 3
      },
      "conditional_w1": {
        "mean": 0.47769036997811404,
        "std": 0.011531312405384714,
        "n": 3
      }
    },
    {
      "variant": "baseline_fm",
      "checkpoint": 4000,
      "n": 3,
      "score_main": {
        "mean": 0.4722418723308916,
        "std": 0.010662307060937388,
        "n": 3
      },
      "tstr_macro_f1": {
        "mean": 0.317203579429247,
        "std": 0.009435121275533876,
        "n": 3
      },
      "disc_auc_gap": {
        "mean": 0.49922283919242866,
        "std": 0.00019480757255388437,
        "n": 3
      },
      "unconditional_w1": {
        "mean": 0.4104627145117519,
        "std": 0.024970108761232727,
        "n": 3
      },
      "conditional_w1": {
        "mean": 0.43883872471709795,
        "std": 0.026139189778503588,
        "n": 3
      }
    },
    {
      "variant": "baseline_fm",
      "checkpoint": 8000,
      "n": 3,
      "score_main": {
        "mean": 0.463168934640251,
        "std": 0.009962954975642273,
        "n": 3
      },
      "tstr_macro_f1": {
        "mean": 0.3190201568342534,
        "std": 0.014731161844535845,
        "n": 3
      },
      "disc_auc_gap": {
        "mean": 0.49757901650242364,
        "std": 0.0013595832379869018,
        "n": 3
      },
      "unconditional_w1": {
        "mean": 0.38636002996207336,
        "std": 0.02068263368527238,
        "n": 3
      },
      "conditional_w1": {
        "mean": 0.4161249135511171,
        "std": 0.016055705027921356,
        "n": 3
      }
    },
    {
      "variant": "baseline_fm",
      "checkpoint": 12000,
      "n": 3,
      "score_main": {
        "mean": 0.4678846041234744,
        "std": 0.010649875466138067,
        "n": 3
      },
      "tstr_macro_f1": {
        "mean": 0.3258215239591364,
        "std": 0.010482111557262702,
        "n": 3
      },
      "disc_auc_gap": {
        "mean": 0.49431098752964436,
        "std": 0.002127738119193927,
        "n": 3
      },
      "unconditional_w1": {
        "mean": 0.40050429693612083,
        "std": 0.02574390872710605,
        "n": 3
      },
      "conditional_w1": {
        "mean": 0.4444650969783705,
        "std": 0.03545096998856822,
        "n": 3
      }
    },
    {
      "variant": "baseline_fm",
      "checkpoint": 16000,
      "n": 3,
      "score_main": {
        "mean": 0.45645695881443915,
        "std": 0.005663655798137755,
        "n": 3
      },
      "tstr_macro_f1": {
        "mean": 0.3423285217680991,
        "std": 0.016840734636184566,
        "n": 3
      },
      "disc_auc_gap": {
        "mean": 0.49525064689057885,
        "std": 0.001543992803972286,
        "n": 3
      },
      "unconditional_w1": {
        "mean": 0.37855308032092067,
        "std": 0.010231012642380738,
        "n": 3
      },
      "conditional_w1": {
        "mean": 0.4234030706384992,
        "std": 0.007113201506177107,
        "n": 3
      }
    },
    {
      "variant": "baseline_fm",
      "checkpoint": 20000,
      "n": 3,
      "score_main": {
        "mean": 0.469078929063437,
        "std": 0.005597837456854207,
        "n": 3
      },
      "tstr_macro_f1": {
        "mean": 0.30390269174902557,
        "std": 0.01677954022590181,
        "n": 3
      },
      "disc_auc_gap": {
        "mean": 0.4946777053352591,
        "std": 0.0009438152296575986,
        "n": 3
      },
      "unconditional_w1": {
        "mean": 0.39214026964281984,
        "std": 0.00498570567910563,
        "n": 3
      },
      "conditional_w1": {
        "mean": 0.4273552684422339,
        "std": 0.003423600141835031,
        "n": 3
      }
    },
    {
      "variant": "conditional_current_matching",
      "checkpoint": 1000,
      "n": 3,
      "score_main": {
        "mean": 0.5452494660706785,
        "std": 0.015196262404920337,
        "n": 3
      },
      "tstr_macro_f1": {
        "mean": 0.24833302287278272,
        "std": 0.030349054326268752,
        "n": 3
      },
      "disc_auc_gap": {
        "mean": 0.4987662613448403,
        "std": 0.0009112747017102995,
        "n": 3
      },
      "unconditional_w1": {
        "mean": 0.5434346268128486,
        "std": 0.03858941810934522,
        "n": 3
      },
      "conditional_w1": {
        "mean": 0.6440181797504841,
        "std": 0.0232229982087126,
        "n": 3
      }
    },
    {
      "variant": "conditional_current_matching",
      "checkpoint": 2000,
      "n": 3,
      "score_main": {
        "mean": 0.49656976944757997,
        "std": 0.00762126768066534,
        "n": 3
      },
      "tstr_macro_f1": {
        "mean": 0.27823198632205354,
        "std": 0.019008871589161352,
        "n": 3
      },
      "disc_auc_gap": {
        "mean": 0.4996068046707716,
        "std": 0.00025561350629340924,
        "n": 3
      },
      "unconditional_w1": {
        "mean": 0.4418959040083216,
        "std": 0.005583779402692461,
        "n": 3
      },
      "conditional_w1": {
        "mean": 0.49097140534963296,
        "std": 0.012082692981723432,
        "n": 3
      }
    },
    {
      "variant": "conditional_current_matching",
      "checkpoint": 4000,
      "n": 3,
      "score_main": {
        "mean": 0.4742312048020562,
        "std": 0.005363240766713598,
        "n": 3
      },
      "tstr_macro_f1": {
        "mean": 0.3159374811588595,
        "std": 0.008038400927961539,
        "n": 3
      },
      "disc_auc_gap": {
        "mean": 0.4978132499223942,
        "std": 0.0010146460877058683,
        "n": 3
      },
      "unconditional_w1": {
        "mean": 0.4160831571591246,
        "std": 0.0065019077606220275,
        "n": 3
      },
      "conditional_w1": {
        "mean": 0.4443389001400823,
        "std": 0.013189986025915566,
        "n": 3
      }
    },
    {
      "variant": "conditional_current_matching",
      "checkpoint": 8000,
      "n": 3,
      "score_main": {
        "mean": 0.481841727598409,
        "std": 0.006171784072527517,
        "n": 3
      },
      "tstr_macro_f1": {
        "mean": 0.304946907444666,
        "std": 0.0069890987539102155,
        "n": 3
      },
      "disc_auc_gap": {
        "mean": 0.4949720080510998,
        "std": 0.0012684682942911449,
        "n": 3
      },
      "unconditional_w1": {
        "mean": 0.43660846522395685,
        "std": 0.012035753795519282,
        "n": 3
      },
      "conditional_w1": {
        "mean": 0.4564299952275715,
        "std": 0.013688074161984174,
        "n": 3
      }
    },
    {
      "variant": "conditional_current_matching",
      "checkpoint": 12000,
      "n": 3,
      "score_main": {
        "mean": 0.4709043007180955,
        "std": 0.013997366788460877,
        "n": 3
      },