{
  "source": "lobster_free_samples",
  "levels": 10,
  "profiles": [
    {
      "name": "AAPL",
      "rows": 400391,
      "tick_size": 0.01,
      "log_spread_mean": 2.593775,
      "log_spread_std": 0.577127,
      "spread_phi": 0.948476,
      "ret_scale_ticks": 1.070641,
      "jump_prob_2ticks": 0.049934,
      "jump_prob_5ticks": 0.012882,
      "imb_mean": 0.069742,
      "imb_std": 0.569702,
      "imb_phi": 0.907559,
      "log_ask_gap_mean": [0.703528, 0.631377, 0.619015, 0.612053, 0.616802, 0.614127, 0.617245, 0.620944, 0.630279],
      "log_ask_gap_std": [0.79324, 0.730752, 0.693379, 0.678469, 0.672233, 0.667529, 0.662388, 0.659738, 0.669807],
      "log_bid_gap_mean": [0.861763, 0.790556, 0.727823, 0.690393, 0.658361, 0.624165, 0.60044, 0.588706, 0.589514],
      "log_bid_gap_std": [0.821197, 0.76223, 0.73542, 0.714905, 0.69923, 0.685981, 0.670663, 0.660652, 0.662388],
      "log_ask_vol_mean": [4.242035, 4.059563, 4.117516, 4.241133, 4.325767, 4.359223, 4.379236, 4.402788, 4.437253, 4.480267],
      "log_ask_vol_std": [1.376451, 1.40047, 1.366308, 1.317328, 1.247918, 1.213183, 1.197443, 1.183049, 1.182644, 1.184592],
      "log_bid_vol_mean": [4.483272, 4.511939, 4.535034, 4.538264, 4.492028, 4.473263, 4.449026, 4.447933, 4.469037, 4.525395],
      "log_bid_vol_std": [1.273693, 1.237005, 1.191675, 1.161045, 1.166377, 1.168197, 1.176334, 1.202506, 1.222204, 1.230463],
      "seasonality_abs_ret": [2.133168, 1.129247, 0.96642, 0.784514, 0.756553, 0.759214, 0.787971, 0.682912]
    },
    {
      "name": "AMZN",
      "rows": 269748,
      "tick_size": 0.01,
      "log_spread_mean": 2.465565,
      "log_spread_std": 0.50234,
      "spread_phi": 0.960311,
      "ret_scale_ticks": 0.733845,
      "jump_prob_2ticks": 0.026213,
      "jump_prob_5ticks": 0.004716,
      "imb_mean": 0.102997,
      "imb_std": 0.576372,
      "imb_phi": 0.932146,
      "log_ask_gap_mean": [0.494587, 0.369959, 0.36495, 0.360666, 0.369467, 0.38587, 0.404785, 0.402894, 0.407743],
      "log_ask_gap_std": [0.678581, 0.565792, 0.534994, 0.530973, 0.522468, 0.531526, 0.538433, 0.541332, 0.543146],
      "log_bid_gap_mean": [0.707747, 0.465456, 0.382962, 0.357315, 0.350356, 0.351844, 0.352568, 0.349001, 0.362019],
      "log_bid_gap_std": [0.748502, 0.601958, 0.531243, 0.516195, 0.511259, 0.517109, 0.520272, 0.518133, 0.52101],
      "log_ask_vol_mean": [4.281565, 3.885067, 3.827227, 4.03198, 4.276017, 4.488265, 4.69496, 4.845977, 4.923176, 4.966407],
      "log_ask_vol_std": [1.366789, 1.36361, 1.326509, 1.289179, 1.251658, 1.170873, 1.0606, 0.952495, 0.897723, 0.8506],
      "log_bid_vol_mean": [4.650033, 4.169957, 4.168185, 4.33167, 4.525441, 4.735123, 4.87472, 4.964264, 4.998823, 5.007663],
      "log_bid_vol_std": [1.294064, 1.300487, 1.269873, 1.214244, 1.152674, 1.064478, 1.004777, 0.941055, 0.920042, 0.892429],
      "seasonality_abs_ret": [2.283685, 1.019613, 0.68195, 0.934394, 0.997145, 0.617981, 0.729987, 0.735246]
    },
    {
      "name": "GOOG",
      "rows": 147916,
      "tick_size": 0.01,
      "log_spread_mean": 3.268203,
      "log_spread_std": 0.524306,
      "spread_phi": 0.931994,
      "ret_scale_ticks": 2.458677,
      "jump_prob_2ticks": 0.088368,
      "jump_prob_5ticks": 0.042801,
      "imb_mean": -0.000475,
      "imb_std": 0.586195,
      "imb_phi": 0.898565,
      "log_ask_gap_mean": [1.110952, 0.973271, 1.036964, 1.015994, 1.03108, 1.040099, 1.045818, 1.054305, 1.073647],
      "log_ask_gap_std": [1.086924, 0.985035, 0.944031, 0.892856, 0.873813, 0.852951, 0.832034, 0.844291, 0.854829],
      "log_bid_gap_mean": [1.214209, 1.062658, 0.971922, 0.906467, 0.8575, 0.865599, 0.863367, 0.892424, 0.905114],
      "log_bid_gap_std": [1.009104, 0.923525, 0.865503, 0.827156, 0.797928, 0.793925, 0.798186, 0.789153, 0.789657],
      "log_ask_vol_mean": [4.320493, 3.511441, 3.346452, 3.42377, 3.626883, 3.842772, 4.0827, 4.251862, 4.407937, 4.522351],
      "log_ask_vol_std": [1.308029, 1.402754, 1.367279, 1.344362, 1.341008, 1.320105, 1.250562, 1.154094, 1.089522, 0.987109],
      "log_bid_vol_mean": [4.254727, 3.891933, 3.717338, 3.714024, 3.786756, 3.932812, 4.104618, 4.271916, 4.357014, 4.420443],
      "log_bid_vol_std": [1.612998, 1.566467, 1.488907, 1.424814, 1.421085, 1.382543, 1.326298, 1.255764, 1.233084, 1.211681],
      "seasonality_abs_ret": [3.026775, 0.932031, 0.749338, 0.687391, 0.647603, 0.526668, 0.576347, 0.853846]
    },
    {
      "name": "INTC",
      "rows": 624040,
      "tick_size": 0.01,
      "log_spread_mean": 0.161777,
      "log_spread_std": 0.293749,
      "spread_phi": 0.985869,
      "ret_scale_ticks": 0.03595,
      "jump_prob_2ticks": 0.0,
      "jump_prob_5ticks": 0.0,
      "imb_mean": 0.060108,
      "imb_std": 0.415759,
      "imb_phi": 0.983981,
      "log_ask_gap_mean": [0.000958, 0.000686, 0.000042, 0.000019, 0.000009, 0.000001, 0.0, 0.00002, 0.00001],
      "log_ask_gap_std": [0.025804, 0.021802, 0.005409, 0.003618, 0.002482, 0.000877, 0.0, 0.003723, 0.002632],
      "log_bid_gap_mean": [0.000199, 0.00025, 0.000081, 0.000503, 0.000491, 0.000007, 0.000036, 0.000009, 0.0],
      "log_bid_gap_std": [0.011738, 0.013159, 0.007496, 0.018669, 0.018441, 0.002149, 0.004963, 0.002482, 0.0],
      "log_ask_vol_mean": [9.200008, 9.47373, 9.527768, 9.597009, 9.517562, 9.391914, 9.27497, 9.17831, 9.059302, 8.897381],
      "log_ask_vol_std": [1.013053, 0.781159, 0.721846, 0.600808, 0.553617, 0.555437, 0.53855, 0.522712, 0.54343, 0.584674],
      "log_bid_vol_mean": [9.341437, 9.610475, 9.606266, 9.63552, 9.606628, 9.529425, 9.460131, 9.359144, 9.192968, 9.037947],
      "log_bid_vol_std": [0.994858, 0.744107, 0.712018, 0.665003, 0.610467, 0.558571, 0.556457, 0.553655, 0.566433, 0.604092],
      "seasonality_abs_ret": [2.618634, 0.998758, 0.715528, 0.874534, 0.680745, 0.675776, 0.725466, 0.710559]
    },
    {
      "name": "MSFT",
      "rows": 668765,
      "tick_size": 0.01,
      "log_spread_mean": 0.160638,
      "log_spread_std": 0.292993,
      "spread_phi": 0.983084,
      "ret_scale_ticks": 0.039202,
      "jump_prob_2ticks": 0.000001,
      "jump_prob_5ticks": 0.0,
      "imb_mean": -0.028777,
      "imb_std": 0.413945,
      "imb_phi": 0.979571,
      "log_ask_gap_mean": [0.000146, 0.000036, 0.0, 0.0, 0.000018, 0.0, 0.0, 0.000002, 0.000013],
      "log_ask_gap_std": [0.011356, 0.005014, 0.0, 0.0, 0.003495, 0.0, 0.0, 0.001199, 0.004134],
      "log_bid_gap_mean": [0.000129, 0.000015, 0.000008, 0.000024, 0.000001, 0.0, 0.0, 0.0, 0.0],
      "log_bid_gap_std": [0.009589, 0.003984, 0.002397, 0.004065, 0.000848, 0.0, 0.0, 0.0, 0.0],
      "log_ask_vol_mean": [9.322086, 9.677137, 9.714952, 9.701812, 9.631881, 9.532151, 9.425632, 9.300618, 9.115576, 8.876787],
      "log_ask_vol_std": [0.912494, 0.544928, 0.488022, 0.445087, 0.433315, 0.456019, 0.522239, 0.600847, 0.673632, 0.715945],
      "log_bid_vol_mean": [9.260361, 9.671421, 9.736435, 9.760456, 9.665906, 9.514336, 9.384824, 9.243576, 9.032552, 8.81356],
      "log_bid_vol_std": [0.898277, 0.579335, 0.540416, 0.518092, 0.519096, 0.50171, 0.543274, 0.563421, 0.639106, 0.732716],
      "seasonality_abs_ret": [2.26944, 0.893248, 0.793126, 0.755826, 0.91877, 0.82651, 0.797062, 0.746019]
    }
  ]
}
