{
  "rows": [
    {
      "variant": "baseline_fm",
      "checkpoint": 1000,
      "n": 3,
      "score_main": {
        "mean": 0.5648086396363433,
        "std": 0.007370425504277066,
        "n": 3
      },
      "tstr_macro_f1": {
        "mean": 0.39329278845858745,
        "std": 0.011487620653854823,
        "n": 3
      },
      "disc_auc_gap": {
        "mean": 0.49518770148747704,
        "std": 0.0007974839998705441,
        "n": 3
      },
      "unconditional_w1": {
        "mean": 0.7038352831624498,
        "std": 0.03471861072823923,
        "n": 3
      },
      "conditional_w1": {
        "mean": 0.8685244767772063,
        "std": 0.03583879454294946,
        "n": 3
      }
    },
    {
      "variant": "baseline_fm",
      "checkpoint": 2000,
      "n": 3,
      "score_main": {
        "mean": 0.43770429574069775,
        "std": 0.013089193084618991,
        "n": 3
      },
      "tstr_macro_f1": {
        "mean": 0.2996282600088318,
        "std": 0.01879200582606934,
        "n": 3
      },
      "disc_auc_gap": {
        "mean": 0.43742671480401346,
        "std": 0.013204721394727708,
        "n": 3
      },
      "unconditional_w1": {
        "mean": 0.2846852855129542,
        "std": 0.04153905632342991,
        "n": 3
      },
      "conditional_w1": {
        "mean": 0.43892794347832975,
        "std": 0.03761895582567619,
        "n": 3
      }
    },
    {
      "variant": "baseline_fm",
      "checkpoint": 4000,
      "n": 3,
      "score_main": {
        "mean": 0.3777049255342926,
        "std": 0.015653639884549896,
        "n": 3
      },
      "tstr_macro_f1": {
        "mean": 0.4129914869002547,
        "std": 0.0521299705825718,
        "n": 3
      },
      "disc_auc_gap": {
        "mean": 0.42470635803579054,
        "std": 0.018603313957038046,
        "n": 3
      },
      "unconditional_w1": {
        "mean": 0.2523042445132822,
        "std": 0.008511061619525405,
        "n": 3
      },
      "conditional_w1": {
        "mean": 0.3162345719777029,
        "std": 0.010770474289426082,
        "n": 3
      }
    },
    {
      "variant": "baseline_fm",
      "checkpoint": 8000,
      "n": 3,
      "score_main": {
        "mean": 0.35956411535785077,
        "std": 0.009090074045035434,
        "n": 3
      },
      "tstr_macro_f1": {
        "mean": 0.4345714971387949,
        "std": 0.018758950214748982,
        "n": 3
      },
      "disc_auc_gap": {
        "mean": 0.3924851512926608,
        "std": 0.007711868618628973,
        "n": 3
      },
      "unconditional_w1": {
        "mean": 0.23909019267932233,
        "std": 0.019264019359690836,
        "n": 3
      },
      "conditional_w1": {
        "mean": 0.30525322261751325,
        "std": 0.009908078365343369,
        "n": 3
      }
    },
    {
      "variant": "baseline_fm",
      "checkpoint": 12000,
      "n": 3,
      "score_main": {
        "mean": 0.367570463972459,
        "std": 0.000625547410200896,
        "n": 3
      },
      "tstr_macro_f1": {
        "mean": 0.4490532618334109,
        "std": 0.016189768032542455,
        "n": 3
      },
      "disc_auc_gap": {
        "mean": 0.41468750785631764,
        "std": 0.00804687685739784,
        "n": 3
      },
      "unconditional_w1": {
        "mean": 0.2474780431571212,
        "std": 0.004983857001271658,
        "n": 3
      },
      "conditional_w1": {
        "mean": 0.3285904415073981,
        "std": 0.016814580779262123,
        "n": 3
      }
    },
    {
      "variant": "baseline_fm",
      "checkpoint": 16000,
      "n": 3,
      "score_main": {
        "mean": 0.3822583392810208,
        "std": 0.0025722849666799533,
        "n": 3
      },
      "tstr_macro_f1": {
        "mean": 0.39341466291932276,
        "std": 0.031393751984080134,
        "n": 3
      },
      "disc_auc_gap": {
        "mean": 0.4261452103964209,
        "std": 0.012150990240799698,
        "n": 3
      },
      "unconditional_w1": {
        "mean": 0.22723293726844804,
        "std": 0.02867101223437193,
        "n": 3
      },
      "conditional_w1": {
        "mean": 0.3395899900543063,
        "std": 0.01203141235386231,
        "n": 3
      }
    },
    {
      "variant": "baseline_fm",
      "checkpoint": 20000,
      "n": 3,
      "score_main": {
        "mean": 0.3785324717861264,
        "std": 0.023832541402460567,
        "n": 3
      },
      "tstr_macro_f1": {
        "mean": 0.45497338045911473,
        "std": 0.04543395067595566,
        "n": 3
      },
      "disc_auc_gap": {
        "mean": 0.42374396011789384,
        "std": 0.017992563626293433,
        "n": 3
      },
      "unconditional_w1": {
        "mean": 0.2589996990319246,
        "std": 0.02602642222595005,
        "n": 3
      },
      "conditional_w1": {
        "mean": 0.37196279404450433,
        "std": 0.028669188394664126,
        "n": 3
      }
    },
    {
      "variant": "conditional_current_matching",
      "checkpoint": 1000,
      "n": 3,
      "score_main": {
        "mean": 0.5600149558721174,
        "std": 0.014603018104840841,
        "n": 3
      },
      "tstr_macro_f1": {
        "mean": 0.374307864610641,
        "std": 0.04043680695418635,
        "n": 3
      },
      "disc_auc_gap": {
        "mean": 0.4967248032519666,
        "std": 0.001107565332185238,
        "n": 3
      },
      "unconditional_w1": {
        "mean": 0.6746880142525257,
        "std": 0.022033728006265504,
        "n": 3
      },
      "conditional_w1": {
        "mean": 0.8266655139069975,
        "std": 0.016084987044871497,
        "n": 3
      }
    },
    {
      "variant": "conditional_current_matching",
      "checkpoint": 2000,
      "n": 3,
      "score_main": {
        "mean": 0.4435061686764669,
        "std": 0.011141306403256597,
        "n": 3
      },
      "tstr_macro_f1": {
        "mean": 0.2812666204125185,
        "std": 0.03210429688739607,
        "n": 3
      },
      "disc_auc_gap": {
        "mean": 0.44608147016311733,
        "std": 0.01398220587807312,
        "n": 3
      },
      "unconditional_w1": {
        "mean": 0.30015522281345697,
        "std": 0.029119332802550277,
        "n": 3
      },
      "conditional_w1": {
        "mean": 0.4156274229873962,
        "std": 0.02592702794965988,
        "n": 3
      }
    },
    {
      "variant": "conditional_current_matching",
      "checkpoint": 4000,
      "n": 3,
      "score_main": {
        "mean": 0.39098874759918617,
        "std": 0.013763111710528212,
        "n": 3
      },
      "tstr_macro_f1": {
        "mean": 0.3966408639378538,
        "std": 0.043889171276276805,
        "n": 3
      },
      "disc_auc_gap": {
        "mean": 0.42676110406037093,
        "std": 0.02214404713414315,
        "n": 3
      },
      "unconditional_w1": {
        "mean": 0.2783365458559452,
        "std": 0.011518740169951441,
        "n": 3
      },
      "conditional_w1": {
        "mean": 0.33496649753009106,
        "std": 0.012641077188241836,
        "n": 3
      }
    },
    {
      "variant": "conditional_current_matching",
      "checkpoint": 8000,
      "n": 3,
      "score_main": {
        "mean": 0.3668874702033981,
        "std": 0.004281008620322142,
        "n": 3
      },
      "tstr_macro_f1": {
        "mean": 0.43257782410192286,
        "std": 0.018210836107209097,
        "n": 3
      },
      "disc_auc_gap": {
        "mean": 0.40837773438345937,
        "std": 0.0017076795384908426,
        "n": 3
      },
      "unconditional_w1": {
        "mean": 0.25125025398922723,
        "std": 0.004628941893966501,
        "n": 3
      },
      "conditional_w1": {
        "mean": 0.3072419083503873,
        "std": 0.006424230656240263,
        "n": 3
      }
    },
    {
      "variant": "conditional_current_matching",
      "checkpoint": 12000,
      "n": 3,
      "score_main": {
        "mean": 0.37937404699539634,
        "std": 0.009032672199219173,
        "n": 3
      },
      "tstr_macro_f1": {
        "mean": 0.44400828521451,